{"cameraMode":{"drawMode":0,"name":"Shaded","section":"Shading Mode"},"sceneLighting":true,"audioPlay":false,"sceneViewState":{"showFog":false,"showMaterialUpdate":false,"showSkybox":false,"showFlares":false,"showImageEffects":false,"showParticleSystems":false},"in2DMode":false,"pivot":{"x":-6.375466823577881,"y":43.9764404296875,"z":27.32806968688965},"rotation":{"x":-0.6135344505310059,"y":-0.11460024118423462,"z":-0.7760277390480042,"w":0.09068196266889572},"size":174.6649932861328,"orthographic":false}