{"cameraMode":{"drawMode":0,"name":"Shaded","section":"Shading Mode"},"sceneLighting":true,"audioPlay":false,"sceneViewState":{"showFog":false,"showMaterialUpdate":false,"showSkybox":false,"showFlares":false,"showImageEffects":false,"showParticleSystems":false},"in2DMode":false,"pivot":{"x":20.146080017089845,"y":-11.141300201416016,"z":18.271915435791017},"rotation":{"x":-0.6347439885139465,"y":-0.15939028561115266,"z":-0.7437532544136047,"w":0.13611041009426118},"size":54.08897399902344,"orthographic":false}