{"cameraMode":{"drawMode":0,"name":"Shaded","section":"Shading Mode"},"sceneLighting":true,"audioPlay":false,"sceneViewState":{"showFog":false,"showMaterialUpdate":false,"showSkybox":false,"showFlares":false,"showImageEffects":false,"showParticleSystems":false},"in2DMode":false,"pivot":{"x":27.043581008911134,"y":6.04705810546875,"z":21.359027862548829},"rotation":{"x":-0.2660653293132782,"y":0.43530505895614626,"z":0.8491976261138916,"w":0.1363162100315094},"size":32.21921920776367,"orthographic":false}